date,post,query,template,blogs,cited
2026-10-08,01,근로장려금대상,aibPublic,2,0
2026-10-08,02,실업급여조건,aibPublic,0,0
2026-10-08,03,근로장려금조회,aibPublic,0,0
2026-10-08,04,실업급여신청방법,aibPublic,0,0
2026-10-08,05,실업급여계산기,없음,0,0
2026-10-08,06,64년생 국민연금 수령나이,aibAnswer,1,0
2026-10-08,06,65년생 국민연금 수령나이,aibAnswer,3,0
2026-10-08,06,67년생 국민연금 수령나이,aibAnswer,3,0
2026-10-08,06,국민연금 수령나이 68세,aibAnswer,4,0
2026-10-08,07,지역가입자 건강보험료 계산,aibAnswer,3,0
2026-10-08,07,지역가입자 건강보험료 최저,aibAnswer,3,0
2026-10-08,07,지역가입자 건강보험료 계산표,aibAnswer,2,0
2026-10-08,08,근로장려금신청기간,없음,0,0
2026-10-08,09,건강보험료 납부확인서 모바일,aibAnswer,4,0
2026-10-08,09,건강보험료 납부확인서 무인발급기,aibAnswer,3,0
2026-10-08,09,건강보험료 납부확인서 피부양자,aibAnswer,0,0
2026-10-08,09,건강보험료 납부확인서 대리발급,aibAnswer,2,0
2026-10-08,10,실업급여 50세 이상 수급기간,aibAnswer,4,0
2026-10-08,10,실업급여 수급기간 기준,aibAnswer,4,0
2026-10-08,10,실업급여 수급기간 연기,aibAnswer,0,0
2026-10-09,01,근로장려금대상,aibPublic,2,0
2026-10-09,02,실업급여조건,aibPublic,0,0
2026-10-09,03,근로장려금조회,aibPublic,0,0
2026-10-09,04,실업급여신청방법,aibPublic,0,0
2026-10-09,05,실업급여계산기,없음,0,0
2026-10-09,06,64년생 국민연금 수령나이,aibAnswer,2,0
2026-10-09,06,65년생 국민연금 수령나이,aibAnswer,1,0
2026-10-09,06,67년생 국민연금 수령나이,aibAnswer,3,0
2026-10-09,06,국민연금 수령나이 68세,aibAnswer,4,0
2026-10-09,07,지역가입자 건강보험료 계산,aibAnswer,3,0
2026-10-09,07,지역가입자 건강보험료 최저,aibAnswer,3,0
2026-10-09,07,지역가입자 건강보험료 계산표,aibAnswer,2,0
2026-10-09,08,근로장려금신청기간,없음,0,0
2026-10-09,09,건강보험료 납부확인서 모바일,aibAnswer,4,0
2026-10-09,09,건강보험료 납부확인서 무인발급기,aibAnswer,3,0
2026-10-09,09,건강보험료 납부확인서 피부양자,aibAnswer,0,0
2026-10-09,09,건강보험료 납부확인서 대리발급,aibAnswer,2,0
2026-10-09,10,실업급여 50세 이상 수급기간,aibAnswer,4,0
2026-10-09,10,실업급여 수급기간 기준,aibAnswer,4,0
2026-10-09,10,실업급여 수급기간 연기,aibAnswer,0,0
2026-10-09,11,실업급여 해외여행 신고,aibAnswer,6,0
2026-10-09,11,실업급여 해외여행 날짜변경,aibAnswer,5,0
2026-10-09,11,실업급여 해외여행 2주,aibAnswer,3,0
2026-10-09,11,실업급여 해외여행 당일,aibAnswer,3,0
2026-10-09,11,실업급여 해외여행 제한,aibAnswer,2,0
