date,keyword,rank,fresh
2026-10-07,근로장려금대상,,4
2026-10-07,실업급여조건,,8
2026-10-07,근로장려금조회,,6
2026-10-07,실업급여신청방법,,6
2026-10-07,실업급여계산기,,9
2026-10-07,국민연금수령나이,,10
2026-10-07,지역가입자건강보험료계산,,9
2026-10-07,근로장려금신청기간,,5
2026-10-07,건강보험료납부확인서발급,,8
2026-10-07,실업급여수급기간,,9
2026-10-08,근로장려금대상,,2
2026-10-08,실업급여조건,,8
2026-10-08,근로장려금조회,,5
2026-10-08,실업급여신청방법,,7
2026-10-08,실업급여계산기,,9
2026-10-08,국민연금수령나이,,10
2026-10-08,지역가입자건강보험료계산,,9
2026-10-08,근로장려금신청기간,,3
2026-10-08,건강보험료납부확인서발급,,7
2026-10-08,실업급여수급기간,,9
2026-10-09,근로장려금대상,,2
2026-10-09,실업급여조건,,8
2026-10-09,근로장려금조회,,5
2026-10-09,실업급여신청방법,,7
2026-10-09,실업급여계산기,,9
2026-10-09,국민연금수령나이,,10
2026-10-09,지역가입자건강보험료계산,,8
2026-10-09,근로장려금신청기간,,5
2026-10-09,건강보험료납부확인서발급,,7
2026-10-09,실업급여수급기간,,9
2026-10-09,실업급여해외여행,27,9
2026-10-09,연말정산부양가족기준,,9
